x-axis,3
second,Volt
-9.9200E+00,
-9.9100E+00,
-9.9000E+00,+77.8E-03
-9.8900E+00,-70.5E-03
-9.8800E+00,+25.0E-03
-9.8700E+00,+12.4E-03
-9.8600E+00,-62.9E-03
-9.8500E+00,+65.2E-03
-9.8400E+00,-35.3E-03
-9.8300E+00,+40.1E-03
-9.8200E+00,-2.6E-03
-9.8100E+00,-35.3E-03
-9.8000E+00,+72.7E-03
-9.7900E+00,-75.5E-03
-9.7800E+00,+12.4E-03
-9.7700E+00,+9.9E-03
-9.7600E+00,-27.8E-03
-9.7500E+00,+85.3E-03
-9.7400E+00,-68.0E-03
-9.7300E+00,+25.0E-03
-9.7200E+00,+4.9E-03
-9.7100E+00,-47.9E-03
-9.7000E+00,+97.9E-03
-9.6900E+00,-42.8E-03
-9.6800E+00,+60.2E-03
-9.6700E+00,+12.4E-03
-9.6600E+00,-42.8E-03
-9.6500E+00,+85.3E-03
-9.6400E+00,-55.4E-03
-9.6300E+00,+25.0E-03
-9.6200E+00,-20.2E-03
-9.6100E+00,-35.3E-03
-9.6000E+00,+70.2E-03
-9.5900E+00,-75.5E-03
-9.5800E+00,+50.1E-03
-9.5700E+00,+30.0E-03
-9.5600E+00,-55.4E-03
-9.5500E+00,+72.7E-03
-9.5400E+00,-55.4E-03
-9.5300E+00,+45.1E-03
-9.5200E+00,+4.9E-03
-9.5100E+00,-42.8E-03
-9.5000E+00,+77.8E-03
-9.4900E+00,-80.5E-03
-9.4800E+00,+45.1E-03
-9.4700E+00,-2.6E-03
-9.4600E+00,-55.4E-03
-9.4500E+00,+52.6E-03
-9.4400E+00,-80.5E-03
-9.4300E+00,+32.5E-03
-9.4200E+00,+4.9E-03
-9.4100E+00,-47.9E-03
-9.4000E+00,+77.8E-03
-9.3900E+00,-55.4E-03
-9.3800E+00,+52.6E-03
-9.3700E+00,+22.5E-03
-9.3600E+00,-35.3E-03
-9.3500E+00,+65.2E-03
-9.3400E+00,-83.0E-03
-9.3300E+00,+37.6E-03
-9.3200E+00,+22.5E-03
-9.3100E+00,-50.4E-03
-9.3000E+00,+45.1E-03
-9.2900E+00,-75.5E-03
-9.2800E+00,+40.1E-03
-9.2700E+00,+4.9E-03
-9.2600E+00,-68.0E-03
-9.2500E+00,+85.3E-03
-9.2400E+00,-75.5E-03
-9.2300E+00,+37.6E-03
-9.2200E+00,+30.0E-03
-9.2100E+00,-42.8E-03
-9.2000E+00,+70.2E-03
-9.1900E+00,-55.4E-03
-9.1800E+00,+20.0E-03
-9.1700E+00,+17.5E-03
-9.1600E+00,-42.8E-03
-9.1500E+00,+77.8E-03
-9.1400E+00,-62.9E-03
-9.1300E+00,+25.0E-03
-9.1200E+00,+4.9E-03
-9.1100E+00,-60.4E-03
-9.1000E+00,+82.8E-03
-9.0900E+00,-55.4E-03
-9.0800E+00,+4.9E-03
-9.0700E+00,+12.4E-03
-9.0600E+00,-55.4E-03
-9.0500E+00,+65.2E-03
-9.0400E+00,-75.5E-03
-9.0300E+00,+25.0E-03
-9.0200E+00,+12.4E-03
-9.0100E+00,-47.9E-03
-9.0000E+00,+65.2E-03
-8.9900E+00,-55.4E-03
-8.9800E+00,+25.0E-03
-8.9700E+00,+12.4E-03
-8.9600E+00,-47.9E-03
-8.9500E+00,+57.7E-03
-8.9400E+00,-55.4E-03
-8.9300E+00,+17.5E-03
-8.9200E+00,-7.7E-03
-8.9100E+00,-47.9E-03
-8.9000E+00,+77.8E-03
-8.8900E+00,-75.5E-03
-8.8800E+00,+32.5E-03
-8.8700E+00,+17.5E-03
-8.8600E+00,-123.2E-03
-8.8500E+00,+65.2E-03
-8.8400E+00,-95.6E-03
-8.8300E+00,+30.0E-03
-8.8200E+00,+17.5E-03
-8.8100E+00,-55.4E-03
-8.8000E+00,+105.4E-03
-8.7900E+00,-70.5E-03
-8.7800E+00,+52.6E-03
-8.7700E+00,+70.2E-03
-8.7600E+00,-68.0E-03
-8.7500E+00,+65.2E-03
-8.7400E+00,-95.6E-03
-8.7300E+00,-7.7E-03
-8.7200E+00,+9.9E-03
-8.7100E+00,-75.5E-03
-8.7000E+00,+92.8E-03
-8.6900E+00,-42.8E-03
-8.6800E+00,+65.2E-03
-8.6700E+00,+37.6E-03
-8.6600E+00,-68.0E-03
-8.6500E+00,+173.2E-03
-8.6400E+00,-115.7E-03
-8.6300E+00,+17.5E-03
-8.6200E+00,+4.9E-03
-8.6100E+00,-75.5E-03
-8.6000E+00,+118.0E-03
-8.5900E+00,-60.4E-03
-8.5800E+00,+52.6E-03
-8.5700E+00,+25.0E-03
-8.5600E+00,-83.0E-03
-8.5500E+00,+85.3E-03
-8.5400E+00,-90.6E-03
-8.5300E+00,+37.6E-03
-8.5200E+00,+17.5E-03
-8.5100E+00,-47.9E-03
-8.5000E+00,+125.5E-03
-8.4900E+00,-83.0E-03
-8.4800E+00,+52.6E-03
-8.4700E+00,+30.0E-03
-8.4600E+00,-52.9E-03
-8.4500E+00,+92.8E-03
-8.4400E+00,-62.9E-03
-8.4300E+00,+45.1E-03
-8.4200E+00,+25.0E-03
-8.4100E+00,-75.5E-03
-8.4000E+00,+72.7E-03
-8.3900E+00,-95.6E-03
-8.3800E+00,+4.9E-03
-8.3700E+00,+45.1E-03
-8.3600E+00,-60.4E-03
-8.3500E+00,+92.8E-03
-8.3400E+00,-83.0E-03
-8.3300E+00,+32.5E-03
-8.3200E+00,+25.0E-03
-8.3100E+00,-83.0E-03
-8.3000E+00,+92.8E-03
-8.2900E+00,-83.0E-03
-8.2800E+00,+32.5E-03
-8.2700E+00,+17.5E-03
-8.2600E+00,-80.5E-03
-8.2500E+00,+92.8E-03
-8.2400E+00,-55.4E-03
-8.2300E+00,+57.7E-03
-8.2200E+00,+25.0E-03
-8.2100E+00,-115.7E-03
-8.2000E+00,+37.6E-03
-8.1900E+00,-155.9E-03
-8.1800E+00,-68.0E-03
-8.1700E+00,-20.2E-03
-8.1600E+00,-40.3E-03
-8.1500E+00,+105.4E-03
-8.1400E+00,-55.4E-03
-8.1300E+00,+65.2E-03
-8.1200E+00,+32.5E-03
-8.1100E+00,-47.9E-03
-8.1000E+00,+52.6E-03
-8.0900E+00,-75.5E-03
-8.0800E+00,+37.6E-03
-8.0700E+00,+17.5E-03
-8.0600E+00,-55.4E-03
-8.0500E+00,+57.7E-03
-8.0400E+00,-70.5E-03
-8.0300E+00,+20.0E-03
-8.0200E+00,+329.0E-03
-8.0100E+00,-22.7E-03
-8.0000E+00,+158.2E-03
-7.9900E+00,-55.4E-03
-7.9800E+00,+45.1E-03
-7.9700E+00,-83.0E-03
-7.9600E+00,-115.7E-03
-7.9500E+00,+105.4E-03
-7.9400E+00,-83.0E-03
-7.9300E+00,+52.6E-03
-7.9200E+00,+37.6E-03
-7.9100E+00,-35.3E-03
-7.9000E+00,+133.0E-03
-7.8900E+00,-68.0E-03
-7.8800E+00,+45.1E-03
-7.8700E+00,-2.6E-03
-7.8600E+00,-88.1E-03
-7.8500E+00,+85.3E-03
-7.8400E+00,-115.7E-03
-7.8300E+00,+20.0E-03
-7.8200E+00,+32.5E-03
-7.8100E+00,-95.6E-03
-7.8000E+00,+85.3E-03
-7.7900E+00,-90.6E-03
-7.7800E+00,+60.2E-03
-7.7700E+00,+37.6E-03
-7.7600E+00,-55.4E-03
-7.7500E+00,+97.9E-03
-7.7400E+00,-75.5E-03
-7.7300E+00,+32.5E-03
-7.7200E+00,+12.4E-03
-7.7100E+00,-50.4E-03
-7.7000E+00,+92.8E-03
-7.6900E+00,-75.5E-03
-7.6800E+00,+25.0E-03
-7.6700E+00,+17.5E-03
-7.6600E+00,-80.5E-03
-7.6500E+00,+105.4E-03
-7.6400E+00,-90.6E-03
-7.6300E+00,+32.5E-03
-7.6200E+00,+25.0E-03
-7.6100E+00,-60.4E-03
-7.6000E+00,+85.3E-03
-7.5900E+00,-95.6E-03
-7.5800E+00,+65.2E-03
-7.5700E+00,+25.0E-03
-7.5600E+00,-55.4E-03
-7.5500E+00,+105.4E-03
-7.5400E+00,-83.0E-03
-7.5300E+00,+25.0E-03
-7.5200E+00,+4.9E-03
-7.5100E+00,-68.0E-03
-7.5000E+00,+112.9E-03
-7.4900E+00,-75.5E-03
-7.4800E+00,+40.1E-03
-7.4700E+00,+25.0E-03
-7.4600E+00,-75.5E-03
-7.4500E+00,+105.4E-03
-7.4400E+00,-62.9E-03
-7.4300E+00,+37.6E-03
-7.4200E+00,+12.4E-03
-7.4100E+00,-42.8E-03
-7.4000E+00,+105.4E-03
-7.3900E+00,-88.1E-03
-7.3800E+00,+32.5E-03
-7.3700E+00,+25.0E-03
-7.3600E+00,-62.9E-03
-7.3500E+00,+125.5E-03
-7.3400E+00,-62.9E-03
-7.3300E+00,+37.6E-03
-7.3200E+00,+12.4E-03
-7.3100E+00,-95.6E-03
-7.3000E+00,+92.8E-03
-7.2900E+00,-83.0E-03
-7.2800E+00,+45.1E-03
-7.2700E+00,+37.6E-03
-7.2600E+00,-75.5E-03
-7.2500E+00,+92.8E-03
-7.2400E+00,-95.6E-03
-7.2300E+00,+52.6E-03
-7.2200E+00,+17.5E-03
-7.2100E+00,-68.0E-03
-7.2000E+00,+85.3E-03
-7.1900E+00,-88.1E-03
-7.1800E+00,+40.1E-03
-7.1700E+00,+17.5E-03
-7.1600E+00,-95.6E-03
-7.1500E+00,+105.4E-03
-7.1400E+00,-68.0E-03
-7.1300E+00,+52.6E-03
-7.1200E+00,+52.6E-03
-7.1100E+00,-55.4E-03
-7.1000E+00,+118.0E-03
-7.0900E+00,-62.9E-03
-7.0800E+00,+32.5E-03
-7.0700E+00,+30.0E-03
-7.0600E+00,-88.1E-03
-7.0500E+00,+97.9E-03
-7.0400E+00,-88.1E-03
-7.0300E+00,+12.4E-03
-7.0200E+00,+4.9E-03
-7.0100E+00,-88.1E-03
-7.0000E+00,+112.9E-03
-6.9900E+00,-70.5E-03
-6.9800E+00,+45.1E-03
-6.9700E+00,+45.1E-03
-6.9600E+00,-42.8E-03
-6.9500E+00,+118.0E-03
-6.9400E+00,-70.5E-03
-6.9300E+00,+37.6E-03
-6.9200E+00,+25.0E-03
-6.9100E+00,-80.5E-03
-6.9000E+00,+85.3E-03
-6.8900E+00,-103.1E-03
-6.8800E+00,+32.5E-03
-6.8700E+00,+17.5E-03
-6.8600E+00,-68.0E-03
-6.8500E+00,+118.0E-03
-6.8400E+00,-83.0E-03
-6.8300E+00,+65.2E-03
-6.8200E+00,+57.7E-03
-6.8100E+00,-57.9E-03
-6.8000E+00,+92.8E-03
-6.7900E+00,-62.9E-03
-6.7800E+00,+40.1E-03
-6.7700E+00,+17.5E-03
-6.7600E+00,-108.2E-03
-6.7500E+00,+97.9E-03
-6.7400E+00,-70.5E-03
-6.7300E+00,+57.7E-03
-6.7200E+00,+45.1E-03
-6.7100E+00,-60.4E-03
-6.7000E+00,+120.5E-03
-6.6900E+00,-95.6E-03
-6.6800E+00,+40.1E-03
-6.6700E+00,+9.9E-03
-6.6600E+00,-80.5E-03
-6.6500E+00,+105.4E-03
-6.6400E+00,-62.9E-03
-6.6300E+00,+25.0E-03
-6.6200E+00,+12.4E-03
-6.6100E+00,-95.6E-03
-6.6000E+00,+105.4E-03
-6.5900E+00,-88.1E-03
-6.5800E+00,+45.1E-03
-6.5700E+00,+30.0E-03
-6.5600E+00,-68.0E-03
-6.5500E+00,+100.4E-03
-6.5400E+00,-80.5E-03
-6.5300E+00,+32.5E-03
-6.5200E+00,+25.0E-03
-6.5100E+00,-62.9E-03
-6.5000E+00,+97.9E-03
-6.4900E+00,-103.1E-03
-6.4800E+00,-7.7E-03
-6.4700E+00,+4.9E-03
-6.4600E+00,-95.6E-03
-6.4500E+00,+97.9E-03
-6.4400E+00,-95.6E-03
-6.4300E+00,+32.5E-03
-6.4200E+00,+50.1E-03
-6.4100E+00,-55.4E-03
-6.4000E+00,+105.4E-03
-6.3900E+00,-62.9E-03
-6.3800E+00,+45.1E-03
-6.3700E+00,+17.5E-03
-6.3600E+00,-100.6E-03
-6.3500E+00,+85.3E-03
-6.3400E+00,-90.6E-03
-6.3300E+00,+20.0E-03
-6.3200E+00,+17.5E-03
-6.3100E+00,-47.9E-03
-6.3000E+00,+105.4E-03
-6.2900E+00,-75.5E-03
-6.2800E+00,+25.0E-03
-6.2700E+00,+17.5E-03
-6.2600E+00,-75.5E-03
-6.2500E+00,+92.8E-03
-6.2400E+00,-83.0E-03
-6.2300E+00,+12.4E-03
-6.2200E+00,+37.6E-03
-6.2100E+00,-80.5E-03
-6.2000E+00,+105.4E-03
-6.1900E+00,-88.1E-03
-6.1800E+00,+25.0E-03
-6.1700E+00,+37.6E-03
-6.1600E+00,-68.0E-03
-6.1500E+00,+97.9E-03
-6.1400E+00,-83.0E-03
-6.1300E+00,+25.0E-03
-6.1200E+00,+57.7E-03
-6.1100E+00,-52.9E-03
-6.1000E+00,+125.5E-03
-6.0900E+00,-75.5E-03
-6.0800E+00,+12.4E-03
-6.0700E+00,+9.9E-03
-6.0600E+00,-95.6E-03
-6.0500E+00,+85.3E-03
-6.0400E+00,-55.4E-03
-6.0300E+00,+37.6E-03
-6.0200E+00,+50.1E-03
-6.0100E+00,+12.4E-03
-6.0000E+00,+145.6E-03
-5.9900E+00,-62.9E-03
-5.9800E+00,+40.1E-03
-5.9700E+00,+17.5E-03
-5.9600E+00,-83.0E-03
-5.9500E+00,+105.4E-03
-5.9400E+00,-95.6E-03
-5.9300E+00,+27.5E-03
-5.9200E+00,+4.9E-03
-5.9100E+00,-88.1E-03
-5.9000E+00,+77.8E-03
-5.8900E+00,-83.0E-03
-5.8800E+00,+47.6E-03
-5.8700E+00,+42.6E-03
-5.8600E+00,-62.9E-03
-5.8500E+00,+100.4E-03
-5.8400E+00,-115.7E-03
-5.8300E+00,+25.0E-03
-5.8200E+00,+138.1E-03
-5.8100E+00,-47.9E-03
-5.8000E+00,+72.7E-03
-5.7900E+00,-30.3E-03
-5.7800E+00,+17.5E-03
-5.7700E+00,-30.3E-03
-5.7600E+00,-143.3E-03
-5.7500E+00,-68.0E-03
-5.7400E+00,+52.6E-03
-5.7300E+00,-22.7E-03
-5.7200E+00,+210.9E-03
-5.7100E+00,+65.2E-03
-5.7000E+00,-15.2E-03
-5.6900E+00,-138.3E-03
-5.6800E+00,-55.4E-03
-5.6700E+00,-7.7E-03
-5.6600E+00,-464.9E-03
-5.6500E+00,+411.9E-03
-5.6400E+00,-65.5E-03
-5.6300E+00,+731.0E-03
-5.6200E+00,+155.7E-03
-5.6100E+00,-85.6E-03
-5.6000E+00,-331.8E-03
-5.5900E+00,-532.8E-03
-5.5800E+00,-155.9E-03
-5.5700E+00,-181.0E-03
-5.5600E+00,+37.6E-03
-5.5500E+00,+434.5E-03
-5.5400E+00,+238.6E-03
-5.5300E+00,+170.7E-03
-5.5200E+00,+140.6E-03
-5.5100E+00,-188.6E-03
-5.5000E+00,-344.3E-03
-5.4900E+00,-263.9E-03
-5.4800E+00,-374.5E-03
-5.4700E+00,+115.5E-03
-5.4600E+00,+547.6E-03
-5.4500E+00,+175.8E-03
-5.4400E+00,+562.7E-03
-5.4300E+00,-47.9E-03
-5.4200E+00,-389.6E-03
-5.4100E+00,-402.1E-03
-5.4000E+00,-171.0E-03
-5.3900E+00,-110.7E-03
-5.3800E+00,-193.6E-03
-5.3700E+00,+138.1E-03
-5.3600E+00,+567.7E-03
-5.3500E+00,+148.1E-03
-5.3400E+00,-45.4E-03
-5.3300E+00,-15.2E-03
-5.3200E+00,-98.1E-03
-5.3100E+00,-196.1E-03
-5.3000E+00,+72.7E-03
-5.2900E+00,-324.2E-03
-5.2800E+00,-183.5E-03
-5.2700E+00,+55.2E-03
-5.2600E+00,+17.5E-03
-5.2500E+00,+401.9E-03
-5.2400E+00,-52.9E-03
-5.2300E+00,+143.1E-03
-5.2200E+00,-90.6E-03
-5.2100E+00,-12.7E-03
-5.2000E+00,-236.3E-03
-5.1900E+00,-243.8E-03
-5.1800E+00,-181.0E-03
-5.1700E+00,+344.1E-03
-5.1600E+00,+233.5E-03
-5.1500E+00,-120.7E-03
-5.1400E+00,+464.7E-03
-5.1300E+00,+346.6E-03
-5.1200E+00,+120.5E-03
-5.1100E+00,-289.1E-03
-5.1000E+00,+87.8E-03
-5.0900E+00,-291.6E-03
-5.0800E+00,-208.7E-03
-5.0700E+00,+30.0E-03
-5.0600E+00,+150.6E-03
-5.0500E+00,+92.8E-03
-5.0400E+00,-93.1E-03
-5.0300E+00,+278.8E-03
-5.0200E+00,-155.9E-03
-5.0100E+00,+384.3E-03
-5.0000E+00,+112.9E-03
-4.9900E+00,-512.7E-03
-4.9800E+00,-289.1E-03
-4.9700E+00,-90.6E-03
-4.9600E+00,-309.2E-03
-4.9500E+00,+487.3E-03
-4.9400E+00,-103.1E-03
-4.9300E+00,+40.1E-03
-4.9200E+00,+218.5E-03
-4.9100E+00,+344.1E-03
-4.9000E+00,-404.6E-03
-4.8900E+00,+40.1E-03
-4.8800E+00,-329.3E-03
-4.8700E+00,+97.9E-03
-4.8600E+00,-236.3E-03
-4.8500E+00,+148.1E-03
-4.8400E+00,+130.5E-03
-4.8300E+00,+57.7E-03
-4.8200E+00,+236.1E-03
-4.8100E+00,+45.1E-03
-4.8000E+00,+163.2E-03
-4.7900E+00,-339.3E-03
-4.7800E+00,+35.1E-03
-4.7700E+00,-158.4E-03
-4.7600E+00,-196.1E-03
-4.7500E+00,-181.0E-03
-4.7400E+00,+251.1E-03
-4.7300E+00,+47.6E-03
-4.7200E+00,+447.1E-03
-4.7100E+00,-55.4E-03
-4.7000E+00,+14.9E-03
-4.6900E+00,+57.7E-03
-4.6800E+00,-166.0E-03
-4.6700E+00,-105.7E-03
-4.6600E+00,-299.1E-03
-4.6500E+00,-2.6E-03
-4.6400E+00,-432.3E-03
-4.6300E+00,+530.0E-03
-4.6200E+00,+371.7E-03
-4.6100E+00,-35.3E-03
-4.6000E+00,-108.2E-03
-4.5900E+00,-143.3E-03
-4.5800E+00,+273.7E-03
-4.5700E+00,-27.8E-03
-4.5600E+00,-269.0E-03
-4.5500E+00,-62.9E-03
-4.5400E+00,-183.5E-03
-4.5300E+00,+9.9E-03
-4.5200E+00,+258.7E-03
-4.5100E+00,+7.4E-03
-4.5000E+00,+366.7E-03
-4.4900E+00,-198.6E-03
-4.4800E+00,+228.5E-03
-4.4700E+00,-480.0E-03
-4.4600E+00,-40.3E-03
-4.4500E+00,+92.8E-03
-4.4400E+00,-228.8E-03
-4.4300E+00,-236.3E-03
-4.4200E+00,+366.7E-03
-4.4100E+00,-15.2E-03
-4.4000E+00,+278.8E-03
-4.3900E+00,+153.1E-03
-4.3800E+00,-221.2E-03
-4.3700E+00,+45.1E-03
-4.3600E+00,-201.1E-03
-4.3500E+00,+52.6E-03
-4.3400E+00,-171.0E-03
-4.3300E+00,-47.9E-03
-4.3200E+00,-93.1E-03
-4.3100E+00,+185.8E-03
-4.3000E+00,+85.3E-03
-4.2900E+00,-83.0E-03
-4.2800E+00,+278.8E-03
-4.2700E+00,+158.2E-03
-4.2600E+00,-372.0E-03
-4.2500E+00,+87.8E-03
-4.2400E+00,-231.3E-03
-4.2300E+00,-211.2E-03
-4.2200E+00,+57.7E-03
-4.2100E+00,-256.4E-03
-4.2000E+00,+286.3E-03
-4.1900E+00,+150.6E-03
-4.1800E+00,-171.0E-03
-4.1700E+00,+306.4E-03
-4.1600E+00,-379.5E-03
-4.1500E+00,+208.4E-03
-4.1400E+00,+90.3E-03
-4.1300E+00,-88.1E-03
-4.1200E+00,-115.7E-03
-4.1100E+00,-243.8E-03
-4.1000E+00,-196.1E-03
-4.0900E+00,+145.6E-03
-4.0800E+00,+32.5E-03
-4.0700E+00,-27.8E-03
-4.0600E+00,+497.4E-03
-4.0500E+00,+105.4E-03
-4.0400E+00,+409.4E-03
-4.0300E+00,-140.8E-03
-4.0200E+00,-143.3E-03
-4.0100E+00,-176.0E-03
-4.0000E+00,-40.3E-03
-3.9900E+00,-148.4E-03
-3.9800E+00,-183.5E-03
-3.9700E+00,+427.0E-03
-3.9600E+00,+17.5E-03
-3.9500E+00,-211.2E-03
-3.9400E+00,+454.6E-03
-3.9300E+00,-206.2E-03
-3.9200E+00,-17.7E-03
-3.9100E+00,-299.1E-03
-3.9000E+00,+92.8E-03
-3.8900E+00,-95.6E-03
-3.8800E+00,-196.1E-03
-3.8700E+00,-45.4E-03
-3.8600E+00,+276.3E-03
-3.8500E+00,+95.4E-03
-3.8400E+00,-110.7E-03
-3.8300E+00,+447.1E-03
-3.8200E+00,-309.2E-03
-3.8100E+00,+143.1E-03
-3.8000E+00,-211.2E-03
-3.7900E+00,-100E-06
-3.7800E+00,-35.3E-03
-3.7700E+00,+12.4E-03
-3.7600E+00,-108.2E-03
-3.7500E+00,+447.1E-03
-3.7400E+00,-103.1E-03
-3.7300E+00,+67.7E-03
-3.7200E+00,+118.0E-03
-3.7100E+00,+57.7E-03
-3.7000E+00,-115.7E-03
-3.6900E+00,-321.7E-03
-3.6800E+00,-95.6E-03
-3.6700E+00,-7.7E-03
-3.6600E+00,+105.4E-03
-3.6500E+00,+90.3E-03
-3.6400E+00,-191.1E-03
-3.6300E+00,+271.2E-03
-3.6200E+00,+12.4E-03
-3.6100E+00,-166.0E-03
-3.6000E+00,+112.9E-03
-3.5900E+00,-113.2E-03
-3.5800E+00,-216.2E-03
-3.5700E+00,+9.9E-03
-3.5600E+00,-236.3E-03
-3.5500E+00,-60.4E-03
-3.5400E+00,+153.1E-03
-3.5300E+00,+4.9E-03
-3.5200E+00,+183.3E-03
-3.5100E+00,-331.8E-03
-3.5000E+00,+354.1E-03
-3.4900E+00,-168.5E-03
-3.4800E+00,-15.2E-03
-3.4700E+00,-115.7E-03
-3.4600E+00,-236.3E-03
-3.4500E+00,+42.6E-03
-3.4400E+00,-236.3E-03
-3.4300E+00,+246.1E-03
-3.4200E+00,+324.0E-03
-3.4100E+00,-47.9E-03
-3.4000E+00,+92.8E-03
-3.3900E+00,+258.7E-03
-3.3800E+00,-258.9E-03
-3.3700E+00,+303.9E-03
-3.3600E+00,-329.3E-03
-3.3500E+00,+158.2E-03
-3.3400E+00,+25.0E-03
-3.3300E+00,-100.6E-03
-3.3200E+00,+170.7E-03
-3.3100E+00,+183.3E-03
-3.3000E+00,-108.2E-03
-3.2900E+00,-45.4E-03
-3.2800E+00,+226.0E-03
-3.2700E+00,+293.8E-03
-3.2600E+00,-55.4E-03
-3.2500E+00,-32.8E-03
-3.2400E+00,-243.8E-03
-3.2300E+00,-155.9E-03
-3.2200E+00,+12.4E-03
-3.2100E+00,-304.1E-03
-3.2000E+00,+587.8E-03
-3.1900E+00,-188.6E-03
-3.1800E+00,+306.4E-03
-3.1700E+00,+444.6E-03
-3.1600E+00,-409.7E-03
-3.1500E+00,+532.5E-03
-3.1400E+00,-404.6E-03
-3.1300E+00,-203.6E-03
-3.1200E+00,-15.2E-03
-3.1100E+00,-128.3E-03
-3.1000E+00,+241.1E-03
-3.0900E+00,+525.0E-03
-3.0800E+00,-181.0E-03
-3.0700E+00,+57.7E-03
-3.0600E+00,+223.5E-03
-3.0500E+00,-364.4E-03
-3.0400E+00,+153.1E-03
-3.0300E+00,-188.6E-03
-3.0200E+00,-191.1E-03
-3.0100E+00,-276.5E-03
-3.0000E+00,+409.4E-03
-2.9900E+00,+241.1E-03
-2.9800E+00,-585.6E-03
-2.9700E+00,+901.9E-03
-2.9600E+00,-103.1E-03
-2.9500E+00,-65.5E-03
-2.9400E+00,-284.0E-03
-2.9300E+00,-50.4E-03
-2.9200E+00,+17.5E-03
-2.9100E+00,-62.9E-03
-2.9000E+00,+165.7E-03
-2.8900E+00,+25.0E-03
-2.8800E+00,+65.2E-03
-2.8700E+00,+90.3E-03
-2.8600E+00,+160.7E-03
-2.8500E+00,+85.3E-03
-2.8400E+00,-35.3E-03
-2.8300E+00,-196.1E-03
-2.8200E+00,-110.7E-03
-2.8100E+00,-123.2E-03
-2.8000E+00,+92.8E-03
-2.7900E+00,-27.8E-03
-2.7800E+00,+57.7E-03
-2.7700E+00,+17.5E-03
-2.7600E+00,+17.5E-03
-2.7500E+00,+319.0E-03
-2.7400E+00,-115.7E-03
-2.7300E+00,-108.2E-03
-2.7200E+00,-15.2E-03
-2.7100E+00,-68.0E-03
-2.7000E+00,+85.3E-03
-2.6900E+00,+45.1E-03
-2.6800E+00,+37.6E-03
-2.6700E+00,-10.2E-03
-2.6600E+00,-108.2E-03
-2.6500E+00,+45.1E-03
-2.6400E+00,-15.2E-03
-2.6300E+00,+50.1E-03
-2.6200E+00,+72.7E-03
-2.6100E+00,-80.5E-03
-2.6000E+00,+92.8E-03
-2.5900E+00,-135.8E-03
-2.5800E+00,+32.5E-03
-2.5700E+00,+97.9E-03
-2.5600E+00,-140.8E-03
-2.5500E+00,-55.4E-03
-2.5400E+00,-55.4E-03
-2.5300E+00,-7.7E-03
-2.5200E+00,+50.1E-03
-2.5100E+00,-42.8E-03
-2.5000E+00,+92.8E-03
-2.4900E+00,-15.2E-03
-2.4800E+00,+45.1E-03
-2.4700E+00,+57.7E-03
-2.4600E+00,-75.5E-03
-2.4500E+00,+72.7E-03
-2.4400E+00,-75.5E-03
-2.4300E+00,-22.7E-03
-2.4200E+00,+42.6E-03
-2.4100E+00,-70.5E-03
-2.4000E+00,+65.2E-03
-2.3900E+00,-22.7E-03
-2.3800E+00,+12.4E-03
-2.3700E+00,+37.6E-03
-2.3600E+00,-55.4E-03
-2.3500E+00,+77.8E-03
-2.3400E+00,-10.2E-03
-2.3300E+00,+17.5E-03
-2.3200E+00,+77.8E-03
-2.3100E+00,-88.1E-03
-2.3000E+00,+65.2E-03
-2.2900E+00,-42.8E-03
-2.2800E+00,-7.7E-03
-2.2700E+00,+45.1E-03
-2.2600E+00,-75.5E-03
-2.2500E+00,+65.2E-03
-2.2400E+00,-47.9E-03
-2.2300E+00,+12.4E-03
-2.2200E+00,+77.8E-03
-2.2100E+00,-27.8E-03
-2.2000E+00,+118.0E-03
-2.1900E+00,-62.9E-03
-2.1800E+00,+17.5E-03
-2.1700E+00,+17.5E-03
-2.1600E+00,-55.4E-03
-2.1500E+00,+65.2E-03
-2.1400E+00,-37.8E-03
-2.1300E+00,+12.4E-03
-2.1200E+00,+57.7E-03
-2.1100E+00,-50.4E-03
-2.1000E+00,+60.2E-03
-2.0900E+00,-35.3E-03
-2.0800E+00,-15.2E-03
-2.0700E+00,+45.1E-03
-2.0600E+00,-35.3E-03
-2.0500E+00,+72.7E-03
-2.0400E+00,-62.9E-03
-2.0300E+00,+25.0E-03
-2.0200E+00,+45.1E-03
-2.0100E+00,-47.9E-03
-2.0000E+00,+85.3E-03
-1.9900E+00,-42.8E-03
-1.9800E+00,+4.9E-03
-1.9700E+00,+50.1E-03
-1.9600E+00,-68.0E-03
-1.9500E+00,+65.2E-03
-1.9400E+00,-70.5E-03
-1.9300E+00,+17.5E-03
-1.9200E+00,+25.0E-03
-1.9100E+00,-62.9E-03
-1.9000E+00,+65.2E-03
-1.8900E+00,-55.4E-03
-1.8800E+00,+25.0E-03
-1.8700E+00,+50.1E-03
-1.8600E+00,-42.8E-03
-1.8500E+00,+65.2E-03
-1.8400E+00,-42.8E-03
-1.8300E+00,+4.9E-03
-1.8200E+00,+37.6E-03
-1.8100E+00,-62.9E-03
-1.8000E+00,+72.7E-03
-1.7900E+00,-30.3E-03
-1.7800E+00,-7.7E-03
-1.7700E+00,+45.1E-03
-1.7600E+00,-42.8E-03
-1.7500E+00,+97.9E-03
-1.7400E+00,-42.8E-03
-1.7300E+00,+32.5E-03
-1.7200E+00,+50.1E-03
-1.7100E+00,-60.4E-03
-1.7000E+00,+85.3E-03
-1.6900E+00,-15.2E-03
-1.6800E+00,-7.7E-03
-1.6700E+00,+50.1E-03
-1.6600E+00,-75.5E-03
-1.6500E+00,+72.7E-03
-1.6400E+00,-55.4E-03
-1.6300E+00,+4.9E-03
-1.6200E+00,+40.1E-03
-1.6100E+00,-68.0E-03
-1.6000E+00,+77.8E-03
-1.5900E+00,-42.8E-03
-1.5800E+00,+32.5E-03
-1.5700E+00,+37.6E-03
-1.5600E+00,-60.4E-03
-1.5500E+00,+77.8E-03
-1.5400E+00,-75.5E-03
-1.5300E+00,+4.9E-03
-1.5200E+00,+32.5E-03
-1.5100E+00,-80.5E-03
-1.5000E+00,+97.9E-03
-1.4900E+00,-47.9E-03
-1.4800E+00,+37.6E-03
-1.4700E+00,+30.0E-03
-1.4600E+00,-68.0E-03
-1.4500E+00,+65.2E-03
-1.4400E+00,-22.7E-03
-1.4300E+00,+32.5E-03
-1.4200E+00,+45.1E-03
-1.4100E+00,-68.0E-03
-1.4000E+00,+65.2E-03
-1.3900E+00,-42.8E-03
-1.3800E+00,+17.5E-03
-1.3700E+00,+45.1E-03
-1.3600E+00,-55.4E-03
-1.3500E+00,+90.3E-03
-1.3400E+00,-55.4E-03
-1.3300E+00,-15.2E-03
-1.3200E+00,+70.2E-03
-1.3100E+00,-68.0E-03
-1.3000E+00,+77.8E-03
-1.2900E+00,-42.8E-03
-1.2800E+00,+25.0E-03
-1.2700E+00,+52.6E-03
-1.2600E+00,-62.9E-03
-1.2500E+00,+92.8E-03
-1.2400E+00,-42.8E-03
-1.2300E+00,+25.0E-03
-1.2200E+00,+77.8E-03
-1.2100E+00,-55.4E-03
-1.2000E+00,+72.7E-03
-1.1900E+00,-83.0E-03
-1.1800E+00,+45.1E-03
-1.1700E+00,+50.1E-03
-1.1600E+00,-55.4E-03
-1.1500E+00,+65.2E-03
-1.1400E+00,-42.8E-03
-1.1300E+00,+32.5E-03
-1.1200E+00,+57.7E-03
-1.1100E+00,-68.0E-03
-1.1000E+00,+65.2E-03
-1.0900E+00,-47.9E-03
-1.0800E+00,+25.0E-03
-1.0700E+00,+50.1E-03
-1.0600E+00,-42.8E-03
-1.0500E+00,+85.3E-03
-1.0400E+00,-55.4E-03
-1.0300E+00,-20.2E-03
-1.0200E+00,+37.6E-03
-1.0100E+00,-55.4E-03
-1.0000E+00,+85.3E-03
-990.0E-03,-42.8E-03
-980.0E-03,+17.5E-03
-970.0E-03,+57.7E-03
-960.0E-03,-55.4E-03
-950.0E-03,+85.3E-03
-940.0E-03,-75.5E-03
-930.0E-03,-15.2E-03
-920.0E-03,+37.6E-03
-910.0E-03,-55.4E-03
-900.0E-03,+72.7E-03
-890.0E-03,-47.9E-03
-880.0E-03,+12.4E-03
-870.0E-03,+50.1E-03
-860.0E-03,-73.0E-03
-850.0E-03,+72.7E-03
-840.0E-03,-47.9E-03
-830.0E-03,-100E-06
-820.0E-03,+45.1E-03
-810.0E-03,-55.4E-03
-800.0E-03,+72.7E-03
-790.0E-03,-55.4E-03
-780.0E-03,+37.6E-03
-770.0E-03,+45.1E-03
-760.0E-03,-75.5E-03
-750.0E-03,+85.3E-03
-740.0E-03,-42.8E-03
-730.0E-03,+12.4E-03
-720.0E-03,+50.1E-03
-710.0E-03,-55.4E-03
-700.0E-03,+65.2E-03
-690.0E-03,-42.8E-03
-680.0E-03,+4.9E-03
-670.0E-03,+37.6E-03
-660.0E-03,-75.5E-03
-650.0E-03,+85.3E-03
-640.0E-03,-10.2E-03
-630.0E-03,+12.4E-03
-620.0E-03,+37.6E-03
-610.0E-03,-83.0E-03
-600.0E-03,+52.6E-03
-590.0E-03,-35.3E-03
-580.0E-03,+9.9E-03
-570.0E-03,+37.6E-03
-560.0E-03,-47.9E-03
-550.0E-03,+65.2E-03
-540.0E-03,-47.9E-03
-530.0E-03,+12.4E-03
-520.0E-03,+45.1E-03
-510.0E-03,-62.9E-03
-500.0E-03,+65.2E-03
-490.0E-03,-55.4E-03
-480.0E-03,+4.9E-03
-470.0E-03,+50.1E-03
-460.0E-03,-62.9E-03
-450.0E-03,+72.7E-03
-440.0E-03,-35.3E-03
-430.0E-03,+17.5E-03
-420.0E-03,+45.1E-03
-410.0E-03,-75.5E-03
-400.0E-03,+90.3E-03
-390.0E-03,-42.8E-03
-380.0E-03,+17.5E-03
-370.0E-03,+70.2E-03
-360.0E-03,-68.0E-03
-350.0E-03,+72.7E-03
-340.0E-03,-37.8E-03
-330.0E-03,+12.4E-03
-320.0E-03,+45.1E-03
-310.0E-03,-60.4E-03
-300.0E-03,+72.7E-03
-290.0E-03,-42.8E-03
-280.0E-03,+4.9E-03
-270.0E-03,+77.8E-03
-260.0E-03,-55.4E-03
-250.0E-03,+65.2E-03
-240.0E-03,-42.8E-03
-230.0E-03,+20.0E-03
-220.0E-03,+45.1E-03
-210.0E-03,-55.4E-03
-200.0E-03,+85.3E-03
-190.0E-03,-42.8E-03
-180.0E-03,+25.0E-03
-170.0E-03,+70.2E-03
-160.0E-03,-62.9E-03
-150.0E-03,+72.7E-03
-140.0E-03,-22.7E-03
-130.0E-03,+4.9E-03
-120.0E-03,+50.1E-03
-110.0E-03,-62.9E-03
-100.0E-03,+77.8E-03
-90.0E-03,-42.8E-03
-80.0E-03,+4.9E-03
-70.0E-03,+37.6E-03
-60.0E-03,-123.2E-03
-50.0E-03,+57.7E-03
-40.0E-03,-123.2E-03
-30.0E-03,+133.0E-03
-20.0E-03,+17.5E-03
-10.0E-03,+125.5E-03
-0.0E+00,+165.7E-03
+10.0E-03,-110.7E-03
+20.0E-03,-95.6E-03
+30.0E-03,-7.7E-03
+40.0E-03,-7.7E-03
+50.0E-03,+80.3E-03
+60.0E-03,-5.2E-03
+70.0E-03,+25.0E-03
+80.0E-03,-2.6E-03
+90.0E-03,-68.0E-03
+100.0E-03,-55.4E-03
+110.0E-03,+45.1E-03
+120.0E-03,+32.5E-03
+130.0E-03,+4.9E-03
+140.0E-03,-103.1E-03
+150.0E-03,+65.2E-03
+160.0E-03,-55.4E-03
+170.0E-03,-135.8E-03
+180.0E-03,+97.9E-03
+190.0E-03,+67.7E-03
+200.0E-03,+313.9E-03
+210.0E-03,+125.5E-03
+220.0E-03,-148.4E-03
+230.0E-03,-155.9E-03
+240.0E-03,-241.3E-03
+250.0E-03,+50.1E-03
+260.0E-03,-130.8E-03
+270.0E-03,-150.9E-03
+280.0E-03,+821.5E-03
+290.0E-03,-160.9E-03
+300.0E-03,+417.0E-03
+310.0E-03,-88.1E-03
+320.0E-03,-409.7E-03
+330.0E-03,-377.0E-03
+340.0E-03,-263.9E-03
+350.0E-03,-148.4E-03
+360.0E-03,+32.5E-03
+370.0E-03,+268.7E-03
+380.0E-03,+803.9E-03
+390.0E-03,+105.4E-03
+400.0E-03,-42.8E-03
+410.0E-03,-35.3E-03
+420.0E-03,-382.0E-03
+430.0E-03,-176.0E-03
+440.0E-03,-155.9E-03
+450.0E-03,-276.5E-03
+460.0E-03,+530.0E-03
+470.0E-03,+439.6E-03
+480.0E-03,+293.8E-03
+490.0E-03,-399.6E-03
+500.0E-03,+180.8E-03
+510.0E-03,-191.1E-03
+520.0E-03,-228.8E-03
+530.0E-03,-171.0E-03
+540.0E-03,-226.3E-03
+550.0E-03,-123.2E-03
+560.0E-03,-10.2E-03
+570.0E-03,+650.6E-03
+580.0E-03,+30.0E-03
+590.0E-03,+218.5E-03
+600.0E-03,-892.1E-03
+610.0E-03,+821.5E-03
+620.0E-03,-108.2E-03
+630.0E-03,-183.5E-03
+640.0E-03,-449.9E-03
+650.0E-03,+45.1E-03
+660.0E-03,-236.3E-03
+670.0E-03,+635.6E-03
+680.0E-03,-95.6E-03
+690.0E-03,+30.0E-03
+700.0E-03,+527.5E-03
+710.0E-03,-188.6E-03
+720.0E-03,+394.3E-03
+730.0E-03,-304.1E-03
+740.0E-03,-372.0E-03
+750.0E-03,-27.8E-03
+760.0E-03,-497.6E-03
+770.0E-03,+467.2E-03
+780.0E-03,+253.6E-03
+790.0E-03,-359.4E-03
+800.0E-03,+371.7E-03
+810.0E-03,+12.4E-03
+820.0E-03,+165.7E-03
+830.0E-03,-500.1E-03
+840.0E-03,+65.2E-03
+850.0E-03,-148.4E-03
+860.0E-03,-47.9E-03
+870.0E-03,+92.8E-03
+880.0E-03,-341.8E-03
+890.0E-03,+296.4E-03
+900.0E-03,+221.0E-03
+910.0E-03,+303.9E-03
+920.0E-03,+386.8E-03
+930.0E-03,-110.7E-03
+940.0E-03,-630.8E-03
+950.0E-03,+130.5E-03
+960.0E-03,-103.1E-03
+970.0E-03,-83.0E-03
+980.0E-03,-85.6E-03
+990.0E-03,-135.8E-03
+1.0000E+00,+479.8E-03
+1.0100E+00,-95.6E-03
+1.0200E+00,+123.0E-03
+1.0300E+00,-25.3E-03
+1.0400E+00,-55.4E-03
+1.0500E+00,+37.6E-03
+1.0600E+00,-115.7E-03
+1.0700E+00,-191.1E-03
+1.0800E+00,-22.7E-03
+1.0900E+00,+70.2E-03
+1.1000E+00,+105.4E-03
+1.1100E+00,+50.1E-03
+1.1200E+00,+165.7E-03
+1.1300E+00,+572.7E-03
+1.1400E+00,-118.2E-03
+1.1500E+00,-329.3E-03
+1.1600E+00,-291.6E-03
+1.1700E+00,-208.7E-03
+1.1800E+00,-52.9E-03
+1.1900E+00,-90.6E-03
+1.2000E+00,+374.2E-03
+1.2100E+00,-517.7E-03
+1.2200E+00,+751.1E-03
+1.2300E+00,-55.4E-03
+1.2400E+00,+92.8E-03
+1.2500E+00,+20.0E-03
+1.2600E+00,-472.5E-03
+1.2700E+00,-75.5E-03
+1.2800E+00,+2.4E-03
+1.2900E+00,+125.5E-03
+1.3000E+00,+25.0E-03
+1.3100E+00,+231.0E-03
+1.3200E+00,+359.2E-03
+1.3300E+00,-356.9E-03
+1.3400E+00,+115.5E-03
+1.3500E+00,+90.3E-03
+1.3600E+00,+25.0E-03
+1.3700E+00,-269.0E-03
+1.3800E+00,-138.3E-03
+1.3900E+00,-228.8E-03
+1.4000E+00,+165.7E-03
+1.4100E+00,-75.5E-03
+1.4200E+00,+406.9E-03
+1.4300E+00,-211.2E-03
+1.4400E+00,+288.8E-03
+1.4500E+00,-27.8E-03
+1.4600E+00,+180.8E-03
+1.4700E+00,-382.0E-03
+1.4800E+00,-5.2E-03
+1.4900E+00,-20.2E-03
+1.5000E+00,-75.5E-03
+1.5100E+00,+45.1E-03
+1.5200E+00,-95.6E-03
+1.5300E+00,-155.9E-03
+1.5400E+00,+349.1E-03
+1.5500E+00,+346.6E-03
+1.5600E+00,-263.9E-03
+1.5700E+00,-158.4E-03
+1.5800E+00,+173.2E-03
+1.5900E+00,-248.9E-03
+1.6000E+00,+80.3E-03
+1.6100E+00,-269.0E-03
+1.6200E+00,+30.0E-03
+1.6300E+00,-15.2E-03
+1.6400E+00,-271.5E-03
+1.6500E+00,+253.6E-03
+1.6600E+00,+12.4E-03
+1.6700E+00,+80.3E-03
+1.6800E+00,-171.0E-03
+1.6900E+00,-133.3E-03
+1.7000E+00,-110.7E-03
+1.7100E+00,-188.6E-03
+1.7200E+00,+27.5E-03
+1.7300E+00,-218.7E-03
+1.7400E+00,+145.6E-03
+1.7500E+00,+346.6E-03
+1.7600E+00,-367.0E-03
+1.7700E+00,+469.7E-03
+1.7800E+00,-251.4E-03
+1.7900E+00,+148.1E-03
+1.8000E+00,+246.1E-03
+1.8100E+00,-633.3E-03
+1.8200E+00,-10.2E-03
+1.8300E+00,+7.4E-03
+1.8400E+00,-42.8E-03
+1.8500E+00,+170.7E-03
+1.8600E+00,-110.7E-03
+1.8700E+00,-98.1E-03
+1.8800E+00,+504.9E-03
+1.8900E+00,-133.3E-03
+1.9000E+00,+153.1E-03
+1.9100E+00,-251.4E-03
+1.9200E+00,-45.4E-03
+1.9300E+00,-382.0E-03
+1.9400E+00,+123.0E-03
+1.9500E+00,+52.6E-03
+1.9600E+00,-75.5E-03
+1.9700E+00,+42.6E-03
+1.9800E+00,-191.1E-03
+1.9900E+00,-30.3E-03
+2.0000E+00,+600.4E-03
+2.0100E+00,-346.9E-03
+2.0200E+00,+85.3E-03
+2.0300E+00,-143.3E-03
+2.0400E+00,-316.7E-03
+2.0500E+00,-110.7E-03
+2.0600E+00,+158.2E-03
+2.0700E+00,+105.4E-03
+2.0800E+00,+698.4E-03
+2.0900E+00,-263.9E-03
+2.1000E+00,-304.1E-03
+2.1100E+00,+344.1E-03
+2.1200E+00,-108.2E-03
+2.1300E+00,+37.6E-03
+2.1400E+00,-377.0E-03
+2.1500E+00,-30.3E-03
+2.1600E+00,+9.9E-03
+2.1700E+00,-57.9E-03
+2.1800E+00,+547.6E-03
+2.1900E+00,-45.4E-03
+2.2000E+00,-15.2E-03
+2.2100E+00,+85.3E-03
+2.2200E+00,+180.8E-03
+2.2300E+00,-115.7E-03
+2.2400E+00,+50.1E-03
+2.2500E+00,-269.0E-03
+2.2600E+00,-130.8E-03
+2.2700E+00,-10.2E-03
+2.2800E+00,+32.5E-03
+2.2900E+00,+386.8E-03
+2.3000E+00,+9.9E-03
+2.3100E+00,-535.3E-03
+2.3200E+00,+552.6E-03
+2.3300E+00,+570.2E-03
+2.3400E+00,-653.4E-03
+2.3500E+00,+198.4E-03
+2.3600E+00,-113.2E-03
+2.3700E+00,-243.8E-03
+2.3800E+00,-231.3E-03
+2.3900E+00,+273.7E-03
+2.4000E+00,-7.7E-03
+2.4100E+00,+92.8E-03
+2.4200E+00,+9.9E-03
+2.4300E+00,+351.6E-03
+2.4400E+00,+253.6E-03
+2.4500E+00,-35.3E-03
+2.4600E+00,+4.9E-03
+2.4700E+00,-331.8E-03
+2.4800E+00,+77.8E-03
+2.4900E+00,-377.0E-03
+2.5000E+00,+12.4E-03
+2.5100E+00,+213.4E-03
+2.5200E+00,-62.9E-03
+2.5300E+00,+82.8E-03
+2.5400E+00,-269.0E-03
+2.5500E+00,+409.4E-03
+2.5600E+00,-50.4E-03
+2.5700E+00,+2.4E-03
+2.5800E+00,-228.8E-03
+2.5900E+00,+37.6E-03
+2.6000E+00,-103.1E-03
+2.6100E+00,-356.9E-03
+2.6200E+00,+427.0E-03
+2.6300E+00,-233.8E-03
+2.6400E+00,-70.5E-03
+2.6500E+00,+565.2E-03
+2.6600E+00,-683.5E-03
+2.6700E+00,+595.4E-03
+2.6800E+00,-178.5E-03
+2.6900E+00,-457.4E-03
+2.7000E+00,+472.2E-03
+2.7100E+00,-269.0E-03
+2.7200E+00,+92.8E-03
+2.7300E+00,-57.9E-03
+2.7400E+00,-248.9E-03
+2.7500E+00,+751.1E-03
+2.7600E+00,-93.1E-03
+2.7700E+00,+258.7E-03
+2.7800E+00,-128.3E-03
+2.7900E+00,-208.7E-03
+2.8000E+00,+208.4E-03
+2.8100E+00,-163.4E-03
+2.8200E+00,+25.0E-03
+2.8300E+00,-22.7E-03
+2.8400E+00,-429.8E-03
+2.8500E+00,+369.2E-03
+2.8600E+00,+562.7E-03
+2.8700E+00,+2.4E-03
+2.8800E+00,+630.5E-03
+2.8900E+00,-575.5E-03
+2.9000E+00,+205.9E-03
+2.9100E+00,-432.3E-03
+2.9200E+00,+384.3E-03
+2.9300E+00,-284.0E-03
+2.9400E+00,-269.0E-03
+2.9500E+00,-42.8E-03
+2.9600E+00,+585.3E-03
+2.9700E+00,-143.3E-03
+2.9800E+00,-166.0E-03
+2.9900E+00,+550.1E-03
+3.0000E+00,-274.0E-03
+3.0100E+00,-27.8E-03
+3.0200E+00,-15.2E-03
+3.0300E+00,+65.2E-03
+3.0400E+00,-497.6E-03
+3.0500E+00,-78.0E-03
+3.0600E+00,+213.4E-03
+3.0700E+00,-98.1E-03
+3.0800E+00,+552.6E-03
+3.0900E+00,-62.9E-03
+3.1000E+00,+42.6E-03
+3.1100E+00,-193.6E-03
+3.1200E+00,+223.5E-03
+3.1300E+00,-329.3E-03
+3.1400E+00,-196.1E-03
+3.1500E+00,+4.9E-03
+3.1600E+00,-424.7E-03
+3.1700E+00,+467.2E-03
+3.1800E+00,+256.2E-03
+3.1900E+00,+115.5E-03
+3.2000E+00,+351.6E-03
+3.2100E+00,-555.4E-03
+3.2200E+00,-296.6E-03
+3.2300E+00,-191.1E-03
+3.2400E+00,-108.2E-03
+3.2500E+00,+125.5E-03
+3.2600E+00,-135.8E-03
+3.2700E+00,+497.4E-03
+3.2800E+00,+545.1E-03
+3.2900E+00,+42.6E-03
+3.3000E+00,-490.1E-03
+3.3100E+00,-100.6E-03
+3.3200E+00,-216.2E-03
+3.3300E+00,-42.8E-03
+3.3400E+00,-68.0E-03
+3.3500E+00,+145.6E-03
+3.3600E+00,+112.9E-03
+3.3700E+00,+60.2E-03
+3.3800E+00,+107.9E-03
+3.3900E+00,+143.1E-03
+3.4000E+00,+346.6E-03
+3.4100E+00,-304.1E-03
+3.4200E+00,-236.3E-03
+3.4300E+00,-42.8E-03
+3.4400E+00,-95.6E-03
+3.4500E+00,+153.1E-03
+3.4600E+00,+42.6E-03
+3.4700E+00,+120.5E-03
+3.4800E+00,+105.4E-03
+3.4900E+00,+12.4E-03
+3.5000E+00,+60.2E-03
+3.5100E+00,+30.0E-03
+3.5200E+00,-62.9E-03
+3.5300E+00,+4.9E-03
+3.5400E+00,-27.8E-03
+3.5500E+00,+125.5E-03
+3.5600E+00,+9.9E-03
+3.5700E+00,+52.6E-03
+3.5800E+00,+80.3E-03
+3.5900E+00,-75.5E-03
+3.6000E+00,+70.2E-03
+3.6100E+00,-7.7E-03
+3.6200E+00,-50.4E-03
+3.6300E+00,+30.0E-03
+3.6400E+00,-120.7E-03
+3.6500E+00,+57.7E-03
+3.6600E+00,+17.5E-03
+3.6700E+00,+65.2E-03
+3.6800E+00,+37.6E-03
+3.6900E+00,-95.6E-03
+3.7000E+00,+112.9E-03
+3.7100E+00,-47.9E-03
+3.7200E+00,+12.4E-03
+3.7300E+00,+50.1E-03
+3.7400E+00,-62.9E-03
+3.7500E+00,+72.7E-03
+3.7600E+00,-68.0E-03
+3.7700E+00,-7.7E-03
+3.7800E+00,+50.1E-03
+3.7900E+00,-88.1E-03
+3.8000E+00,+85.3E-03
+3.8100E+00,-35.3E-03
+3.8200E+00,+32.5E-03
+3.8300E+00,+118.0E-03
+3.8400E+00,-75.5E-03
+3.8500E+00,+85.3E-03
+3.8600E+00,-70.5E-03
+3.8700E+00,-7.7E-03
+3.8800E+00,+50.1E-03
+3.8900E+00,-35.3E-03
+3.9000E+00,+72.7E-03
+3.9100E+00,-35.3E-03
+3.9200E+00,+25.0E-03
+3.9300E+00,+30.0E-03
+3.9400E+00,-40.3E-03
+3.9500E+00,+72.7E-03
+3.9600E+00,-83.0E-03
+3.9700E+00,-60.4E-03
+3.9800E+00,+30.0E-03
+3.9900E+00,-75.5E-03
+4.0000E+00,+72.7E-03
+4.0100E+00,-22.7E-03
+4.0200E+00,+4.9E-03
+4.0300E+00,+57.7E-03
+4.0400E+00,-55.4E-03
+4.0500E+00,+65.2E-03
+4.0600E+00,-17.7E-03
+4.0700E+00,-7.7E-03
+4.0800E+00,+45.1E-03
+4.0900E+00,-75.5E-03
+4.1000E+00,+70.2E-03
+4.1100E+00,-55.4E-03
+4.1200E+00,-2.6E-03
+4.1300E+00,+57.7E-03
+4.1400E+00,+12.4E-03
+4.1500E+00,+153.1E-03
+4.1600E+00,-10.2E-03
+4.1700E+00,+37.6E-03
+4.1800E+00,+12.4E-03
+4.1900E+00,-155.9E-03
+4.2000E+00,-15.2E-03
+4.2100E+00,-110.7E-03
+4.2200E+00,-40.3E-03
+4.2300E+00,+25.0E-03
+4.2400E+00,-35.3E-03
+4.2500E+00,+125.5E-03
+4.2600E+00,+25.0E-03
+4.2700E+00,+52.6E-03
+4.2800E+00,+57.7E-03
+4.2900E+00,-50.4E-03
+4.3000E+00,+65.2E-03
+4.3100E+00,-40.3E-03
+4.3200E+00,+25.0E-03
+4.3300E+00,+20.0E-03
+4.3400E+00,-68.0E-03
+4.3500E+00,+57.7E-03
+4.3600E+00,-62.9E-03
+4.3700E+00,+4.9E-03
+4.3800E+00,+37.6E-03
+4.3900E+00,-35.3E-03
+4.4000E+00,+85.3E-03
+4.4100E+00,-62.9E-03
+4.4200E+00,-7.7E-03
+4.4300E+00,+37.6E-03
+4.4400E+00,-47.9E-03
+4.4500E+00,+85.3E-03
+4.4600E+00,-55.4E-03
+4.4700E+00,-100E-06
+4.4800E+00,+45.1E-03
+4.4900E+00,-68.0E-03
+4.5000E+00,+77.8E-03
+4.5100E+00,-62.9E-03
+4.5200E+00,-7.7E-03
+4.5300E+00,+57.7E-03
+4.5400E+00,-68.0E-03
+4.5500E+00,+52.6E-03
+4.5600E+00,-35.3E-03
+4.5700E+00,-7.7E-03
+4.5800E+00,+37.6E-03
+4.5900E+00,-75.5E-03
+4.6000E+00,+85.3E-03
+4.6100E+00,-42.8E-03
+4.6200E+00,+4.9E-03
+4.6300E+00,+45.1E-03
+4.6400E+00,-75.5E-03
+4.6500E+00,+85.3E-03
+4.6600E+00,-55.4E-03
+4.6700E+00,+25.0E-03
+4.6800E+00,+42.6E-03
+4.6900E+00,-75.5E-03
+4.7000E+00,+97.9E-03
+4.7100E+00,-27.8E-03
+4.7200E+00,+4.9E-03
+4.7300E+00,+57.7E-03
+4.7400E+00,-80.5E-03
+4.7500E+00,+60.2E-03
+4.7600E+00,-55.4E-03
+4.7700E+00,+17.5E-03
+4.7800E+00,+45.1E-03
+4.7900E+00,-55.4E-03
+4.8000E+00,+65.2E-03
+4.8100E+00,-27.8E-03
+4.8200E+00,-35.3E-03
+4.8300E+00,+30.0E-03
+4.8400E+00,-42.8E-03
+4.8500E+00,+85.3E-03
+4.8600E+00,-30.3E-03
+4.8700E+00,+25.0E-03
+4.8800E+00,+32.5E-03
+4.8900E+00,-62.9E-03
+4.9000E+00,+92.8E-03
+4.9100E+00,-35.3E-03
+4.9200E+00,+4.9E-03
+4.9300E+00,+50.1E-03
+4.9400E+00,-55.4E-03
+4.9500E+00,+90.3E-03
+4.9600E+00,-35.3E-03
+4.9700E+00,+37.6E-03
+4.9800E+00,+25.0E-03
+4.9900E+00,-55.4E-03
+5.0000E+00,+65.2E-03
+5.0100E+00,-47.9E-03
+5.0200E+00,+12.4E-03
+5.0300E+00,+57.7E-03
+5.0400E+00,-60.4E-03
+5.0500E+00,+77.8E-03
+5.0600E+00,-42.8E-03
+5.0700E+00,+12.4E-03
+5.0800E+00,+42.6E-03
+5.0900E+00,-15.2E-03
+5.1000E+00,+72.7E-03
+5.1100E+00,-35.3E-03
+5.1200E+00,+25.0E-03
+5.1300E+00,+57.7E-03
+5.1400E+00,-50.4E-03
+5.1500E+00,+72.7E-03
+5.1600E+00,-35.3E-03
+5.1700E+00,+17.5E-03
+5.1800E+00,+45.1E-03
+5.1900E+00,-68.0E-03
+5.2000E+00,+85.3E-03
+5.2100E+00,-55.4E-03
+5.2200E+00,+4.9E-03
+5.2300E+00,+50.1E-03
+5.2400E+00,-75.5E-03
+5.2500E+00,+57.7E-03
+5.2600E+00,-62.9E-03
+5.2700E+00,+37.6E-03
+5.2800E+00,+45.1E-03
+5.2900E+00,-68.0E-03
+5.3000E+00,+57.7E-03
+5.3100E+00,-42.8E-03
+5.3200E+00,+4.9E-03
+5.3300E+00,+37.6E-03
+5.3400E+00,-62.9E-03
+5.3500E+00,+72.7E-03
+5.3600E+00,-30.3E-03
+5.3700E+00,-7.7E-03
+5.3800E+00,+37.6E-03
+5.3900E+00,-62.9E-03
+5.4000E+00,+77.8E-03
+5.4100E+00,-42.8E-03
+5.4200E+00,+20.0E-03
+5.4300E+00,+45.1E-03
+5.4400E+00,-50.4E-03
+5.4500E+00,+77.8E-03
+5.4600E+00,-42.8E-03
+5.4700E+00,+37.6E-03
+5.4800E+00,+30.0E-03
+5.4900E+00,-95.6E-03
+5.5000E+00,+70.2E-03
+5.5100E+00,-55.4E-03
+5.5200E+00,+4.9E-03
+5.5300E+00,+40.1E-03
+5.5400E+00,-75.5E-03
+5.5500E+00,+65.2E-03
+5.5600E+00,-27.8E-03
+5.5700E+00,+45.1E-03
+5.5800E+00,+37.6E-03
+5.5900E+00,-55.4E-03
+5.6000E+00,+57.7E-03
+5.6100E+00,-35.3E-03
+5.6200E+00,+20.0E-03
+5.6300E+00,+70.2E-03
+5.6400E+00,-50.4E-03
+5.6500E+00,+52.6E-03
+5.6600E+00,-40.3E-03
+5.6700E+00,-100E-06
+5.6800E+00,+52.6E-03
+5.6900E+00,-62.9E-03
+5.7000E+00,+52.6E-03
+5.7100E+00,-62.9E-03
+5.7200E+00,-100E-06
+5.7300E+00,+37.6E-03
+5.7400E+00,-22.7E-03
+5.7500E+00,+85.3E-03
+5.7600E+00,-50.4E-03
+5.7700E+00,-100E-06
+5.7800E+00,+30.0E-03
+5.7900E+00,-50.4E-03
+5.8000E+00,+97.9E-03
+5.8100E+00,-62.9E-03
+5.8200E+00,+12.4E-03
+5.8300E+00,+45.1E-03
+5.8400E+00,-62.9E-03
+5.8500E+00,+65.2E-03
+5.8600E+00,-40.3E-03
+5.8700E+00,+32.5E-03
+5.8800E+00,+70.2E-03
+5.8900E+00,-75.5E-03
+5.9000E+00,+85.3E-03
+5.9100E+00,-42.8E-03
+5.9200E+00,-2.6E-03
+5.9300E+00,+30.0E-03
+5.9400E+00,-83.0E-03
+5.9500E+00,+105.4E-03
+5.9600E+00,-27.8E-03
+5.9700E+00,+25.0E-03
+5.9800E+00,+57.7E-03
+5.9900E+00,-62.9E-03
+6.0000E+00,+72.7E-03
+6.0100E+00,-35.3E-03
+6.0200E+00,+32.5E-03
+6.0300E+00,+37.6E-03
+6.0400E+00,-30.3E-03
+6.0500E+00,+70.2E-03
+6.0600E+00,-37.8E-03
+6.0700E+00,+25.0E-03
+6.0800E+00,+37.6E-03
+6.0900E+00,-75.5E-03
+6.1000E+00,+12.4E-03
+6.1100E+00,+4.9E-03
+6.1200E+00,+52.6E-03
+6.1300E+00,+17.5E-03
+6.1400E+00,-128.3E-03
+6.1500E+00,+17.5E-03
+6.1600E+00,-62.9E-03
+6.1700E+00,+57.7E-03
+6.1800E+00,+30.0E-03
+6.1900E+00,-50.4E-03
+6.2000E+00,+50.1E-03
+6.2100E+00,-15.2E-03
+6.2200E+00,+25.0E-03
+6.2300E+00,+57.7E-03
+6.2400E+00,-108.2E-03
+6.2500E+00,+125.5E-03
+6.2600E+00,+4.9E-03
+6.2700E+00,-35.3E-03
+6.2800E+00,-2.6E-03
+6.2900E+00,-35.3E-03
+6.3000E+00,+45.1E-03
+6.3100E+00,-95.6E-03
+6.3200E+00,+32.5E-03
+6.3300E+00,-148.4E-03
+6.3400E+00,+218.5E-03
+6.3500E+00,+52.6E-03
+6.3600E+00,-311.7E-03
+6.3700E+00,-98.1E-03
+6.3800E+00,+9.9E-03
+6.3900E+00,-155.9E-03
+6.4000E+00,+158.2E-03
+6.4100E+00,-62.9E-03
+6.4200E+00,+12.4E-03
+6.4300E+00,+178.3E-03
+6.4400E+00,-100E-06
+6.4500E+00,+409.4E-03
+6.4600E+00,+85.3E-03
+6.4700E+00,-281.5E-03
+6.4800E+00,-150.9E-03
+6.4900E+00,-276.5E-03
+6.5000E+00,+25.0E-03
+6.5100E+00,-492.6E-03
+6.5200E+00,+251.1E-03
+6.5300E+00,+577.8E-03
+6.5400E+00,+258.7E-03
+6.5500E+00,+273.7E-03
+6.5600E+00,-171.0E-03
+6.5700E+00,-356.9E-03
+6.5800E+00,-314.2E-03
+6.5900E+00,-351.9E-03
+6.6000E+00,-73.0E-03
+6.6100E+00,-2.6E-03
+6.6200E+00,+776.3E-03
+6.6300E+00,+374.2E-03
+6.6400E+00,+150.6E-03
+6.6500E+00,-475.0E-03
+6.6600E+00,-35.3E-03
+6.6700E+00,+20.0E-03
+6.6800E+00,-130.8E-03
+6.6900E+00,-364.4E-03
+6.7000E+00,-557.9E-03
+6.7100E+00,+27.5E-03
+6.7200E+00,+969.7E-03
+6.7300E+00,+102.9E-03
+6.7400E+00,+210.9E-03
+6.7500E+00,-15.2E-03
+6.7600E+00,-324.2E-03
+6.7700E+00,-45.4E-03
+6.7800E+00,-103.1E-03
+6.7900E+00,-316.7E-03
+6.8000E+00,-143.3E-03
+6.8100E+00,+22.5E-03
+6.8200E+00,+334.0E-03
+6.8300E+00,-32.8E-03
+6.8400E+00,-115.7E-03
+6.8500E+00,+670.7E-03
+6.8600E+00,-70.5E-03
+6.8700E+00,+90.3E-03
+6.8800E+00,+75.3E-03
+6.8900E+00,-517.7E-03
+6.9000E+00,-75.5E-03
+6.9100E+00,-424.7E-03
+6.9200E+00,+560.2E-03
+6.9300E+00,+507.4E-03
+6.9400E+00,-301.6E-03
+6.9500E+00,+331.5E-03
+6.9600E+00,+40.1E-03
+6.9700E+00,+198.4E-03
+6.9800E+00,-231.3E-03
+6.9900E+00,+150.6E-03
+7.0000E+00,-444.8E-03
+7.0100E+00,-27.8E-03
+7.0200E+00,-55.4E-03
+7.0300E+00,+301.4E-03
+7.0400E+00,-208.7E-03
+7.0500E+00,+444.6E-03
+7.0600E+00,+778.8E-03
+7.0700E+00,-291.6E-03
+7.0800E+00,-120.7E-03
+7.0900E+00,-319.2E-03
+7.1000E+00,+105.4E-03
+7.1100E+00,-263.9E-03
+7.1200E+00,-168.5E-03
+7.1300E+00,-83.0E-03
+7.1400E+00,+263.7E-03
+7.1500E+00,-12.7E-03
+7.1600E+00,+334.0E-03
+7.1700E+00,+748.6E-03
+7.1800E+00,+218.5E-03
+7.1900E+00,-605.7E-03
+7.2000E+00,-485.1E-03
+7.2100E+00,+27.5E-03
+7.2200E+00,-110.7E-03
+7.2300E+00,-35.3E-03
+7.2400E+00,+366.7E-03
+7.2500E+00,-191.1E-03
+7.2600E+00,-294.1E-03
+7.2700E+00,+816.5E-03
+7.2800E+00,-666.0E-03
+7.2900E+00,+585.3E-03
+7.3000E+00,+173.2E-03
+7.3100E+00,-344.3E-03
+7.3200E+00,-70.5E-03
+7.3300E+00,+205.9E-03
+7.3400E+00,-155.9E-03
+7.3500E+00,+246.1E-03
+7.3600E+00,+216.0E-03
+7.3700E+00,-223.7E-03
+7.3800E+00,+394.3E-03
+7.3900E+00,+329.0E-03
+7.4000E+00,-1.0077E+00
+7.4100E+00,+1.2536E+00
+7.4200E+00,-542.8E-03
+7.4300E+00,-216.2E-03
+7.4400E+00,-417.2E-03
+7.4500E+00,+12.4E-03
+7.4600E+00,-62.9E-03
+7.4700E+00,+319.0E-03
+7.4800E+00,+401.9E-03
+7.4900E+00,-429.8E-03
+7.5000E+00,+67.7E-03
+7.5100E+00,+479.8E-03
+7.5200E+00,-326.8E-03
+7.5300E+00,+223.5E-03
+7.5400E+00,-309.2E-03
+7.5500E+00,-88.1E-03
+7.5600E+00,-344.3E-03
+7.5700E+00,+469.7E-03
+7.5800E+00,+278.8E-03
+7.5900E+00,+120.5E-03
+7.6000E+00,+4.9E-03
+7.6100E+00,-522.7E-03
+7.6200E+00,+1.1230E+00
+7.6300E+00,-892.1E-03
+7.6400E+00,+205.9E-03
+7.6500E+00,-218.7E-03
+7.6600E+00,-100E-06
+7.6700E+00,-7.7E-03
+7.6800E+00,-32.8E-03
+7.6900E+00,+414.4E-03
+7.7000E+00,-100.6E-03
+7.7100E+00,+439.6E-03
+7.7200E+00,-1.1132E+00
+7.7300E+00,+1.3516E+00
+7.7400E+00,-228.8E-03
+7.7500E+00,-354.4E-03
+7.7600E+00,-145.9E-03
+7.7700E+00,-47.9E-03
+7.7800E+00,+25.0E-03
+7.7900E+00,-718.7E-03
+7.8000E+00,+763.7E-03
+7.8100E+00,-105.7E-03
+7.8200E+00,+198.4E-03
+7.8300E+00,-35.3E-03
+7.8400E+00,+9.9E-03
+7.8500E+00,-22.7E-03
+7.8600E+00,-299.1E-03
+7.8700E+00,-20.2E-03
+7.8800E+00,-42.8E-03
+7.8900E+00,+12.4E-03
+7.9000E+00,-253.9E-03
+7.9100E+00,+708.4E-03
+7.9200E+00,+133.0E-03
+7.9300E+00,-123.2E-03
+7.9400E+00,+231.0E-03
+7.9500E+00,-196.1E-03
+7.9600E+00,+381.8E-03
+7.9700E+00,-256.4E-03
+7.9800E+00,-231.3E-03
+7.9900E+00,-90.6E-03
+8.0000E+00,+20.0E-03
+8.0100E+00,-163.4E-03
+8.0200E+00,+354.1E-03
+8.0300E+00,-88.1E-03
+8.0400E+00,+266.2E-03
+8.0500E+00,-286.6E-03
+8.0600E+00,+560.2E-03
+8.0700E+00,-228.8E-03
+8.0800E+00,-291.6E-03
+8.0900E+00,-15.2E-03
+8.1000E+00,-22.7E-03
+8.1100E+00,-15.2E-03
+8.1200E+00,-344.3E-03
+8.1300E+00,+633.0E-03
+8.1400E+00,+130.5E-03
+8.1500E+00,-437.3E-03
+8.1600E+00,-286.6E-03
+8.1700E+00,+766.2E-03
+8.1800E+00,+231.0E-03
+8.1900E+00,-517.7E-03
+8.2000E+00,-216.2E-03
+8.2100E+00,-243.8E-03
+8.2200E+00,-37.8E-03
+8.2300E+00,+281.3E-03
+8.2400E+00,+77.8E-03
+8.2500E+00,+527.5E-03
+8.2600E+00,+308.9E-03
+8.2700E+00,-198.6E-03
+8.2800E+00,+499.9E-03
+8.2900E+00,-100E-06
+8.3000E+00,-201.1E-03
+8.3100E+00,-211.2E-03
+8.3200E+00,-183.5E-03
+8.3300E+00,-2.6E-03
+8.3400E+00,-733.8E-03
+8.3500E+00,+1.0878E+00
+8.3600E+00,-658.4E-03
+8.3700E+00,+497.4E-03
+8.3800E+00,+276.3E-03
+8.3900E+00,-100.6E-03
+8.4000E+00,-27.8E-03
+8.4100E+00,-424.7E-03
+8.4200E+00,-103.1E-03
+8.4300E+00,+97.9E-03
+8.4400E+00,-464.9E-03
+8.4500E+00,+1.0024E+00
+8.4600E+00,-153.4E-03
+8.4700E+00,-806.7E-03
+8.4800E+00,+1.6280E+00
+8.4900E+00,-666.0E-03
+8.5000E+00,+273.7E-03
+8.5100E+00,-429.8E-03
+8.5200E+00,-155.9E-03
+8.5300E+00,-128.3E-03
+8.5400E+00,-231.3E-03
+8.5500E+00,+401.9E-03
+8.5600E+00,+138.1E-03
+8.5700E+00,+9.9E-03
+8.5800E+00,+831.5E-03
+8.5900E+00,-671.0E-03
+8.6000E+00,-50.4E-03
+8.6100E+00,+67.7E-03
+8.6200E+00,-316.7E-03
+8.6300E+00,-125.8E-03
+8.6400E+00,-221.2E-03
+8.6500E+00,-231.3E-03
+8.6600E+00,+600.4E-03
+8.6700E+00,-404.6E-03
+8.6800E+00,+819.0E-03
+8.6900E+00,+155.7E-03
+8.7000E+00,-196.1E-03
+8.7100E+00,-304.1E-03
+8.7200E+00,-123.2E-03
+8.7300E+00,+35.1E-03
+8.7400E+00,+133.0E-03
+8.7500E+00,+188.3E-03
+8.7600E+00,+4.9E-03
+8.7700E+00,+40.1E-03
+8.7800E+00,-115.7E-03
+8.7900E+00,+158.2E-03
+8.8000E+00,+218.5E-03
+8.8100E+00,-203.6E-03
+8.8200E+00,-110.7E-03
+8.8300E+00,-2.6E-03
+8.8400E+00,-15.2E-03
+8.8500E+00,+72.7E-03
+8.8600E+00,-22.7E-03
+8.8700E+00,+40.1E-03
+8.8800E+00,+37.6E-03
+8.8900E+00,-90.6E-03
+8.9000E+00,+238.6E-03
+8.9100E+00,+50.1E-03
+8.9200E+00,-25.3E-03
+8.9300E+00,-304.1E-03
+8.9400E+00,-163.4E-03
+8.9500E+00,+165.7E-03
+8.9600E+00,-7.7E-03
+8.9700E+00,+52.6E-03
+8.9800E+00,+77.8E-03
+8.9900E+00,-47.9E-03
+9.0000E+00,-27.8E-03
+9.0100E+00,-57.9E-03
+9.0200E+00,-60.4E-03
+9.0300E+00,+77.8E-03
+9.0400E+00,-95.6E-03
+9.0500E+00,+85.3E-03
+9.0600E+00,-62.9E-03
+9.0700E+00,+25.0E-03
+9.0800E+00,+52.6E-03
+9.0900E+00,-62.9E-03
+9.1000E+00,+85.3E-03
+9.1100E+00,-42.8E-03
+9.1200E+00,+7.4E-03
+9.1300E+00,+25.0E-03
+9.1400E+00,-115.7E-03
+9.1500E+00,+80.3E-03
+9.1600E+00,-35.3E-03
+9.1700E+00,+17.5E-03
+9.1800E+00,+12.4E-03
+9.1900E+00,-42.8E-03
+9.2000E+00,+85.3E-03
+9.2100E+00,-42.8E-03
+9.2200E+00,-27.8E-03
+9.2300E+00,+70.2E-03
+9.2400E+00,-2.6E-03
+9.2500E+00,+97.9E-03
+9.2600E+00,-55.4E-03
+9.2700E+00,-35.3E-03
+9.2800E+00,+62.7E-03
+9.2900E+00,-148.4E-03
+9.3000E+00,+153.1E-03
+9.3100E+00,-90.6E-03
+9.3200E+00,-22.7E-03
+9.3300E+00,+25.0E-03
+9.3400E+00,+112.9E-03
+9.3500E+00,+233.5E-03
+9.3600E+00,-30.3E-03
+9.3700E+00,-32.8E-03
+9.3800E+00,-15.2E-03
+9.3900E+00,-148.4E-03
+9.4000E+00,+52.6E-03
+9.4100E+00,-168.5E-03
+9.4200E+00,-27.8E-03
+9.4300E+00,+17.5E-03
+9.4400E+00,+4.9E-03
+9.4500E+00,+97.9E-03
+9.4600E+00,-95.6E-03
+9.4700E+00,+52.6E-03
+9.4800E+00,+45.1E-03
+9.4900E+00,-88.1E-03
+9.5000E+00,+65.2E-03
+9.5100E+00,-115.7E-03
+9.5200E+00,-27.8E-03
+9.5300E+00,+30.0E-03
+9.5400E+00,-55.4E-03
+9.5500E+00,+125.5E-03
+9.5600E+00,-42.8E-03
+9.5700E+00,+72.7E-03
+9.5800E+00,+85.3E-03
+9.5900E+00,-115.7E-03
+9.6000E+00,+130.5E-03
+9.6100E+00,-15.2E-03
+9.6200E+00,+52.6E-03
+9.6300E+00,+37.6E-03
+9.6400E+00,-62.9E-03
+9.6500E+00,+45.1E-03
+9.6600E+00,-75.5E-03
+9.6700E+00,+25.0E-03
+9.6800E+00,+22.5E-03
+9.6900E+00,-55.4E-03
+9.7000E+00,+92.8E-03
+9.7100E+00,-55.4E-03
+9.7200E+00,-7.7E-03
+9.7300E+00,+25.0E-03
+9.7400E+00,-35.3E-03
+9.7500E+00,+85.3E-03
+9.7600E+00,-22.7E-03
+9.7700E+00,+12.4E-03
+9.7800E+00,+9.9E-03
+9.7900E+00,-88.1E-03
+9.8000E+00,+105.4E-03
+9.8100E+00,-17.7E-03
+9.8200E+00,+25.0E-03
+9.8300E+00,+17.5E-03
+9.8400E+00,-68.0E-03
+9.8500E+00,+65.2E-03
+9.8600E+00,-50.4E-03
+9.8700E+00,+37.6E-03
+9.8800E+00,+62.7E-03
+9.8900E+00,-55.4E-03
+9.9000E+00,+85.3E-03
+9.9100E+00,-62.9E-03
+9.9200E+00,-2.6E-03
+9.9300E+00,+37.6E-03
+9.9400E+00,-55.4E-03
+9.9500E+00,+118.0E-03
+9.9600E+00,-20.2E-03
+9.9700E+00,+12.4E-03
+9.9800E+00,+90.3E-03
+9.9900E+00,-95.6E-03
+10.0000E+00,
+10.0100E+00,
+10.0200E+00,
+10.0300E+00,
+10.0400E+00,
+10.0500E+00,
+10.0600E+00,
+10.0700E+00,
